{
    "calendarData" : [
        {
          "StartTime":"Jan 15 2018 04:00:00 GMT+0530 (India Standard Time)",
          "EndTime": "Jan 16 2018 23:00:00 GMT+0530 (India Standard Time)",
          "Subject": "Business of Software Conference",
          "Location": "Newyork City",
          "description": "description City",
          "category" :1,
           "Id": [3,1]
        },
        {
          "StartTime": "Jan 15 2018 09:00:00 GMT+0530 (India Standard Time)",
          "EndTime": "Jan 15 2018 15:00:00 GMT+0530 (India Standard Time)",
          "Subject": "Friends binge marathon Friends binge marathon Friends binge marathon Friends binge marathon Friends binge marathon  ",
          "Location": "Newyork City",
          "description": "description City",
          "category": 3,
           "Id": [3,1]
        },
        {
          "StartTime": "Jan 15 2018 07:00:00 GMT+0530 (India Standard Time)",
          "EndTime": "Jan 15 2018 08:30:00 GMT+0530 (India Standard Time)",
          "Subject": "Product team mtg aaaa aaaaaaa aaaaaa.",
          "Location": "Newyork City1",
          "description": "description City",
          "category": 2,
          "color": "#328e39",
           "Id": [3,1]
        },
        {
          "StartTime": "Jan 15 2018 10:00:00 GMT+0530 (India Standard Time)",
          "EndTime": "Jan 15 2018 12:00:00 GMT+0530 (India Standard Time)",
          "Subject": "Product team mtg.",
          "Location": "Newyork City",
          "description": "description City",
          "category": 2,
          "color": "#328e39",
          "Id": [3,4]
        },
        {
          "StartTime": "Jan 15 2018 10:00:00 GMT+0530 (India Standard Time)",
          "EndTime": "Jan 15 2018 12:00:00 GMT+0530 (India Standard Time)",
          "Subject": "Product team mtg.",
          "Location": "Newyork City2",
          "description": "description City",
          "category": 2,
          "color": "#328e39",
          "Id": [4,3]
        },
        {
          "StartTime": "Jan 15 2018 10:00:00 GMT+0530 (India Standard Time)",
          "EndTime": "Jan 15 2018 12:00:00 GMT+0530 (India Standard Time)",
          "Subject": "Product team mtg.",
          "Location": "Newyork",
          "description": "place City",
          "category": 2,
          "color": "#328e39",
          "Id": [4,3]
        },
        {
           "StartTime": "Jan 15 2018 10:00:00 GMT+0530 (India Standard Time)",
          "EndTime": "Jan 15 2018 12:00:00 GMT+0530 (India Standard Time)", "Subject": "Product team mtg.",
          "Location": "Newyork City3",
          "description": "description City",
          "category": 2,
          "color": "#328e39",
          "Id": [1]
        },
        {
           "StartTime": "Jan 15 2018 10:00:00 GMT+0530 (India Standard Time)",
          "EndTime": "Jan 15 2018 12:00:00 GMT+0530 (India Standard Time)", "Subject": "Product team mtg.",
          "Location": "Newyork City3",
          "description": "description City",
          "category": 2,
          "color": "#328e39",
          "Id": [1]
        },
        {
           "StartTime": "Jan 15 2018 10:00:00 GMT+0530 (India Standard Time)",
          "EndTime": "Jan 15 2018 12:00:00 GMT+0530 (India Standard Time)", "Subject": "Product team mtg.",
          "Location": "Newyork City3",
          "description": "description City",
          "category": 2,
          "color": "#328e39",
          "Id": [1]
        },{
          "StartTime": "Jan 16 2018 09:00:00 GMT+0530 (India Standard Time)",
          "EndTime": "Jan 16 2018 15:00:00 GMT+0530 (India Standard Time)",
          "Subject": "Friends binge marathon Friends binge marathon Friends binge marathon Friends binge marathon Friends binge marathon  ",
          "Location": "Newyork City",
          "description": "description City",
          "category": 3,
           "Id": [4]
        },{
          "StartTime": "Jan 16 2018 09:00:00 GMT+0530 (India Standard Time)",
          "EndTime": "Jan 16 2018 15:00:00 GMT+0530 (India Standard Time)",
          "Subject": "Friends binge marathon Friends binge marathon Friends binge marathon Friends binge marathon Friends binge marathon  ",
          "Location": "Newyork City",
          "description": "description City",
          "category": 3,
           "Id": [3]
        },{
          "StartTime": "Jan 17 2018 02:00:00 GMT+0530 (India Standard Time)",
          "EndTime": "Jan 17 2018 09:00:00 GMT+0530 (India Standard Time)",
          "Subject": "Friends binge marathon Friends binge marathon Friends binge marathon Friends binge marathon Friends binge marathon  ",
          "Location": "Newyork City",
          "description": "description City",
          "category": 3,
           "Id": [3]
        }        
       
      ]
}
